{
  "id": "542fc262-1df9-4fa8-8838-52cc92c0146f",
  "generation": 1,
  "iteration": 2,
  "current_iteration": 5,
  "metrics": {
    "runs_successfully": 1.0,
    "value_score": 0.9996084538159868,
    "distance_score": 0.9921575100905551,
    "combined_score": 1.4961772199027399,
    "reliability_score": 1.0
  },
  "language": "python",
  "timestamp": 1765019810.0460632,
  "saved_at": 1765019892.731588
}