{
  "id": "01394ed0-0c7c-41f2-b646-d2f4952684ad",
  "generation": 1,
  "iteration": 7,
  "current_iteration": 10,
  "metrics": {
    "runs_successfully": 1.0,
    "value_score": 0.9996859395135553,
    "distance_score": 0.9995011388941641,
    "combined_score": 1.4995399671375402,
    "reliability_score": 1.0
  },
  "language": "python",
  "timestamp": 1765019983.5417652,
  "saved_at": 1765020212.7048485
}