{
  "id": "f21d359e-c0e8-461c-adf1-d3d8e6ad52b7",
  "generation": 3,
  "iteration": 20,
  "current_iteration": 35,
  "metrics": {
    "runs_successfully": 1.0,
    "value_score": 0.9996854564491593,
    "distance_score": 0.9990732028947921,
    "combined_score": 1.4993470336395258,
    "reliability_score": 1.0
  },
  "language": "python",
  "timestamp": 1764999332.833807,
  "saved_at": 1765000883.3052
}