{
  "id": "618c8d01-9463-4c57-9a89-1dbf268797b3",
  "generation": 3,
  "iteration": 21,
  "timestamp": 1765020654.7109122,
  "parent_id": "fca8661a-9c58-4302-9061-ae08f3719606",
  "metrics": {
    "runs_successfully": 1.0,
    "value_score": 0.9996859151560732,
    "distance_score": 0.9995077513607765,
    "combined_score": 1.4995429244794043,
    "reliability_score": 1.0
  },
  "language": "python",
  "saved_at": 1765024430.11454
}